<?xml version="1.0" encoding="UTF-8"?>
<assessmentItem xmlns="http://www.imsglobal.org/xsd/imsqti_v2p1" xmlns:xsi="http://www.w3.org/2001/XMLSchema-instance" xsi:schemaLocation="http://www.imsglobal.org/xsd/imsqti_v2p1  http://www.imsglobal.org/xsd/qti/qtiv2p1/imsqti_v2p1p1.xsd" identifier="choiceMultiple" title="AssesmentItem 88" timeDependent="false" adaptive="false">
  <responseDeclaration identifier="RESPONSE" cardinality="multiple" baseType="identifier">
    <correctResponse>
      <value>A0</value>
      <value>A1</value>
      <value>A3</value>
    </correctResponse>
    <mapping lowerBound="0" upperBound="1" defaultValue="0">
      <mapEntry mapKey="A0" mappedValue="0.3333333333333333"/>
      <mapEntry mapKey="A1" mappedValue="0.3333333333333333"/>
      <mapEntry mapKey="A2" mappedValue="0.0"/>
      <mapEntry mapKey="A3" mappedValue="0.3333333333333333"/>
    </mapping>
  </responseDeclaration>
  <outcomeDeclaration identifier="SCORE" cardinality="single" baseType="float">
  </outcomeDeclaration>
  <itemBody>
    <choiceInteraction responseIdentifier="RESPONSE" shuffle="false" maxChoices="0" minChoices="0">
      <prompt>De las siguientes ciudades, ¿cúales son capitales Europeas?</prompt>
      <simpleChoice identifier="A0">Madrid­</simpleChoice>
      <simpleChoice identifier="A1">­París</simpleChoice>
      <simpleChoice identifier="A2">Milán­</simpleChoice>
      <simpleChoice identifier="A3">­Lisboa</simpleChoice>
    </choiceInteraction>
  </itemBody>
  <responseProcessing/>
</assessmentItem>
