<?xml version="1.0" encoding="utf-8"?><assessmentItem xsi:schemaLocation="http://www.imsglobal.org/xsd/imscp_v1p1 http://www.imsglobal.org/xsd/imscp_v1p1.xsd http://www.imsglobal.org/xsd/imsmd_v1p2 http://www.imsglobal.org/xsd/imsmd_v1p2p2.xsd http://www.imsglobal.org/xsd/imsqti_v2p1 http://www.imsglobal.org/xsd/imsqti_v2p1.xsd" identifier="item1934" title="Order" adaptive="false" timeDependent="false" toolName="itslearning" toolVersion="3.44" xmlns="http://www.imsglobal.org/xsd/imsqti_v2p1" xmlns:xsi="http://www.w3.org/2001/XMLSchema-instance" xmlns:qti="http://www.imsglobal.org/xsd/imsqti_v2p1"><responseDeclaration cardinality="ordered" baseType="identifier" identifier="RESPONSE"><correctResponse><value>A1</value><value>A2</value><value>A0</value></correctResponse></responseDeclaration><outcomeDeclaration cardinality="single" baseType="identifier" identifier="FEEDBACK" view="" normalMaximum="0" normalMinimum="0" masteryValue="0" /><itemBody><p>This is "Add order question" type</p><orderInteraction responseIdentifier="RESPONSE" shuffle="true" minChoices="0" maxChoices="0" orientation="vertical"><simpleChoice fixed="false" showHide="show" identifier="A1"><p>Primera</p></simpleChoice><simpleChoice fixed="false" showHide="show" identifier="A2"><p>Segunda</p></simpleChoice><simpleChoice fixed="false" showHide="show" identifier="A0"><p>Tercera</p></simpleChoice></orderInteraction></itemBody><responseProcessing /></assessmentItem>