<?xml version="1.0" encoding="utf-8"?>
<manifest identifier="_6ea7FDtP3z1_course_id" version="1.0" xmlns="http://www.imsproject.org/xsd/imscp_rootv1p1p2" xmlns:adlcp="http://www.adlnet.org/xsd/adlcp_rootv1p2" xmlns:xsi="http://www.w3.org/2001/XMLSchema-instance" xsi:schemaLocation="http://www.imsproject.org/xsd/imscp_rootv1p1p2 imscp_rootv1p1p2.xsd http://www.imsglobal.org/xsd/imsmd_rootv1p2p1 imsmd_rootv1p2p1.xsd http://www.adlnet.org/xsd/adlcp_rootv1p2 adlcp_rootv1p2.xsd">
  <metadata>
    <schema>ADL SCORM</schema>
    <schemaversion>1.2</schemaversion>
    <lom xmlns="http://www.imsglobal.org/xsd/imsmd_rootv1p2p1" xmlns:xsi="http://www.w3.org/2001/XMLSchema-instance" xsi:schemaLocation="http://www.imsglobal.org/xsd/imsmd_rootv1p2p1 imsmd_rootv1p2p1.xsd">
      <general>
        <title>
          <langstring xml:lang="x-none">QuizRedesTorreTCPIP</langstring>
        </title>
        <description>
          <langstring xml:lang="x-none">Quiz sobre protocolos y la torre TCP/IP</langstring>
        </description>
      </general>
      <lifecycle>
        <version>
          <langstring xml:lang="x-none">1</langstring>
        </version>
        <status>
          <source>
            <langstring xml:lang="x-none">LOMv1.0</langstring>
          </source>
          <value>
            <langstring xml:lang="x-none">Final</langstring>
          </value>
        </status>
      </lifecycle>
      <metametadata>
        <metadatascheme>ADL SCORM 1.2</metadatascheme>
      </metametadata>
      <educational>
        <typicallearningtime>
          <datetime>PT0H0M0S</datetime>
        </typicallearningtime>
      </educational>
      <rights>
        <cost>
          <source>
            <langstring xml:lang="x-none">LOMv1.0</langstring>
          </source>
          <value>
            <langstring xml:lang="x-none">yes</langstring>
          </value>
        </cost>
        <copyrightandotherrestrictions>
          <source>
            <langstring xml:lang="x-none">LOMv1.0</langstring>
          </source>
          <value>
            <langstring xml:lang="x-none">yes</langstring>
          </value>
        </copyrightandotherrestrictions>
      </rights>
    </lom>
  </metadata>
  <organizations default="QuizRedesTorreTCPIP_ORG">
    <organization identifier="QuizRedesTorreTCPIP_ORG">
      <title>QuizRedesTorreTCPIP</title>
      <item identifier="QuizRedesTorreTCPIP_SCO" isvisible="true" identifierref="__6ea7FDtP3z1_course_id_RES">
        <title>QuizRedesTorreTCPIP</title>
        <adlcp:masteryscore>80</adlcp:masteryscore>
      </item>
    </organization>
  </organizations>
  <resources>
    <resource identifier="__6ea7FDtP3z1_course_id_RES" type="webcontent" href="index_lms.html" adlcp:scormtype="sco">
      <file href="quiz_content/thumbnail.jpg" />
      <file href="meta.xml" />
      <file href="quiz_content/frame.xml" />
      <file href="quiz_content/frame.js" />
      <file href="quiz_content/user.js" />
      <file href="quiz_unsupported.html" />
      <file href="mobile/app_store.png" />
      <file href="mobile/linen_background.jpg" />
      <file href="mobile/mobile_icon.png" />
      <file href="mobile/player.css" />
      <file href="mobile/player_compiled.js" />
      <file href="quiz_content/fonts.swf" />
      <file href="mobile/fonts.js" />
      <file href="quiz.swf" />
      <file href="quiz_content/frame.swf" />
      <file href="quiz_content/slides/6EUtqLvLtwW.swf" />
      <file href="mobile/slides/6EUtqLvLtwW.js" />
      <file href="quiz_content/slides/6C2Lo4hVEXI.swf" />
      <file href="mobile/slides/6C2Lo4hVEXI.js" />
      <file href="quiz_content/data.swf" />
      <file href="mobile/data.js" />
      <file href="mobile/masks.js" />
      <file href="quiz.html" />
      <file href="quiz_html5.html" />
      <file href="index_lms_html5.html" />
      <file href="quiz_content/blank.html" />
      <file href="quiz_content/quiz.js" />
      <file href="index_lms.html" />
      <file href="lms/AICCComm.html" />
      <file href="lms/AICCFunctions.js" />
      <file href="lms/API.js" />
      <file href="lms/APIConstants.js" />
      <file href="lms/blank.html" />
      <file href="lms/browsersniff.js" />
      <file href="lms/Configuration.js" />
      <file href="lms/goodbye.html" />
      <file href="lms/lms.js" />
      <file href="lms/LMSAPI.js" />
      <file href="lms/NONEFunctions.js" />
      <file href="lms/SCORM2004Functions.js" />
      <file href="lms/SCORMFunctions.js" />
      <file href="lms/UtilityFunctions.js" />
    </resource>
  </resources>
</manifest>