﻿<?xml version="1.0" encoding="utf-8"?><meta xmlns:xsi="http://www.w3.org/2001/XMLSchema-instance" xmlns:xsd="http://www.w3.org/2001/XMLSchema"><project id="6IppZ4onlGs" courseid="6ea7FDtP3z1_course_id" thumburl="quiz_content/thumbnail.jpg" title="QuizRedesTorreTCPIP" datepublished="2016-03-04T17:03:06" version="1.0.0.0" flashdata="quiz_content/data.swf" html5data="mobile/data.js" mobiledata="mobile/data.gz" enabledownload="true" duration="About 20 seconds" totalaudio="0" totalvideo="0"><description>Quiz sobre protocolos y la torre TCP/IP</description><keywords /><slidemeta moniker="question" monikerplural="questions" viewslides="1" slidecountdescription="1 question" /><author name="Win Evolution V2" email="" website="" /><application name="Articulate Quizmaker '13" version="4.0.1309.2720" xmlversion="2.0" /></project></meta>