<?xml version="1.0" encoding="utf-8"?><assessmentItem xsi:schemaLocation="http://www.imsglobal.org/xsd/imscp_v1p1 http://www.imsglobal.org/xsd/imscp_v1p1.xsd http://www.imsglobal.org/xsd/imsmd_v1p2 http://www.imsglobal.org/xsd/imsmd_v1p2p2.xsd http://www.imsglobal.org/xsd/imsqti_v2p1 http://www.imsglobal.org/xsd/imsqti_v2p1.xsd" identifier="item1936" title="HotspotClick" adaptive="false" timeDependent="false" toolName="itslearning" toolVersion="3.44" xmlns="http://www.imsglobal.org/xsd/imsqti_v2p1" xmlns:xsi="http://www.w3.org/2001/XMLSchema-instance" xmlns:qti="http://www.imsglobal.org/xsd/imsqti_v2p1"><responseDeclaration cardinality="multiple" baseType="point" identifier="RESPONSE"><areaMapping lowerBound="0" upperBound="1" defaultValue="0"><areaMapEntry shape="ellipse" coords="199,216,332,332" mappedValue="1" /></areaMapping></responseDeclaration><outcomeDeclaration cardinality="single" baseType="identifier" identifier="FEEDBACK" view="" normalMaximum="0" normalMinimum="0" masteryValue="0" /><itemBody><p>This is a "HOTSPOT- Click the picture".<br /> </p><selectPointInteraction responseIdentifier="RESPONSE" maxChoices="1" minChoices="1"><object data="138553187__460069b.jpg" type="image/jpg" width="445" height="297" /></selectPointInteraction></itemBody><responseProcessing /></assessmentItem>