<?xml version="1.0" encoding="utf-8"?><assessmentItem xsi:schemaLocation="http://www.imsglobal.org/xsd/imscp_v1p1 http://www.imsglobal.org/xsd/imscp_v1p1.xsd http://www.imsglobal.org/xsd/imsmd_v1p2 http://www.imsglobal.org/xsd/imsmd_v1p2p2.xsd http://www.imsglobal.org/xsd/imsqti_v2p1 http://www.imsglobal.org/xsd/imsqti_v2p1.xsd" identifier="item1939" title="OpenAnswer" adaptive="false" timeDependent="false" toolName="itslearning" toolVersion="3.44" xmlns="http://www.imsglobal.org/xsd/imsqti_v2p1" xmlns:xsi="http://www.w3.org/2001/XMLSchema-instance" xmlns:qti="http://www.imsglobal.org/xsd/imsqti_v2p1"><responseDeclaration cardinality="single" baseType="string" identifier="RESPONSE" /><outcomeDeclaration cardinality="single" baseType="string" identifier="MODEL_ANSWER"><defaultValue><value>&lt;p&gt;Here you have to enter the answer key for the question&lt;/p&gt;</value></defaultValue></outcomeDeclaration><outcomeDeclaration cardinality="multiple" baseType="string" identifier="KEYWORDS"><defaultValue><value>Pájaro azul</value></defaultValue></outcomeDeclaration><outcomeDeclaration cardinality="multiple" baseType="string" identifier="KEYWORD_ALTERNATIVES"><defaultValue><value>Ave azul,blue bird</value></defaultValue></outcomeDeclaration><outcomeDeclaration cardinality="single" baseType="identifier" identifier="FEEDBACK" view="" normalMaximum="0" normalMinimum="0" masteryValue="0" /><itemBody><p>What's the open answer to that question?</p><extendedTextInteraction base="10" expectedLength="2" maxStrings="0" minStrings="0" expectedLines="0" format="plain" responseIdentifier="RESPONSE" /></itemBody><responseProcessing /></assessmentItem>