{"VEVersion":"0.8.6","type":"presentation","title":"Modulo 1: Introduccion a Internet, el Web, la nube, HTML5 y CSS","description":"Modulo 1 del MOOC Desarrollo de Aplicaciones Web en HTML5 y para moviles Firefox OS. Accesible a traves de https://www.miriadax.net/web/firefox-os .","avatar":"http://www.adwe.es/wp-content/uploads/2013/07/FirefoxOS.2.png","author":{"name":"Aldo","vishMetadata":{"id":20}},"tags":["MOOC","HTML5","CSS","Web"],"theme":"theme1","animation":"animation1","language":"independent","age_range":"14 - 30","subject":["Software Engineering","Technology","Telecommunications"],"educational_objectives":"El alumno obtendra una introduccion a Internet, el Web, la nube, HTML5 y CSS.","vishMetadata":{"draft":"false","id":"785"},"slides":[{"id":"article1","type":"enrichedvideo","video":{"type":"Youtube","source":"https://www.youtube.com/embed/qQKFjIssvhI","duration":800},"width":"100%","height":"100%","pois":[{"id":"article1_poi2","etime":120,"slide_id":"article1_article1","name":"Tecnologias de la Web"},{"id":"article1_poi3","etime":630,"slide_id":"article1_article2","name":"Operaciones principales de HTTP"},{"id":"article1_poi4","etime":791,"slide_id":"article1_article3","name":"Test de autoevaluacion"}],"slides":[{"id":"article1_article1","type":"standard","template":"t8","elements":[{"id":"article1_article1_zone1","areaid":"header"},{"id":"article1_article1_zone2","type":"image","areaid":"left","body":"http://www.derwentsidehomes.co.uk/UserFiles/Image/3D%20Characters/Question.jpg","style":"position: relative; width:71.30801687763713%; height:100%; top:0%; left:10.113396624472573%;"},{"id":"article1_article1_zone3","type":"quiz","areaid":"center","quiztype":"multiplechoice","selfA":true,"question":{"value":"\u00bfPara qu\u00e9 se utiliza el\u00a0CSS?\u00ad","wysiwygValue":"<p style=\"text-align: center;\">\n\t<span style=\"font-size:36px;\"><span autocolor=\"true\" style=\"color:#000\">&iquest;Para qu&eacute; se utiliza el&nbsp;<strong>CSS</strong>?&shy;</span></span></p>\n"},"choices":[{"id":"1","value":"\u00adEs el lenguaje de programaci\u00f3n de aplicaciones de cliente.","wysiwygValue":"<p style=\"text-align:left;\">\n\t<span autocolor=\"true\" style=\"color:#000\"><span style=\"font-size:24px;\">&shy;Es el lenguaje de programaci&oacute;n de aplicaciones de cliente.</span></span></p>\n","answer":false},{"id":"2","value":"\u00adDefine la estructura de la informaci\u00f3n de una p\u00e1gina web.","wysiwygValue":"<p style=\"text-align:left;\">\n\t<span autocolor=\"true\" style=\"color:#000\"><span style=\"font-size:24px;\">&shy;Define la estructura de la informaci&oacute;n de una p&aacute;gina web.</span></span></p>\n","answer":false},{"id":"3","value":"\u00adDefine el estilo de visualizaci\u00f3n de una p\u00e1gina Web en el navegador.","wysiwygValue":"<p style=\"text-align:left;\">\n\t<span autocolor=\"true\" style=\"color:#000\"><span style=\"font-size:24px;\">&shy;Define el estilo de visualizaci&oacute;n de una p&aacute;gina Web en el navegador.</span></span></p>\n","answer":true}],"extras":{"multipleAnswer":false},"quiz_simple_json":{"title":"Modulo 1: Introduccion a Internet, el Web, la nube, HTML5 y CSS","description":"Modulo 1 del MOOC Desarrollo de Aplicaciones Web en HTML5 y para moviles Firefox OS. Accesible a traves de https://www.miriadax.net/web/firefox-os .","author":{"name":"Aldo","vishMetadata":{"id":"20"}},"type":"quiz_simple","theme":"theme1","slides":[{"id":"article1_article1","type":"quiz_simple","template":"t8","elements":[{"id":"article1_article1_zone1","areaid":"header"},{"id":"article1_article1_zone2","type":"image","areaid":"left","body":"http://www.derwentsidehomes.co.uk/UserFiles/Image/3D%20Characters/Question.jpg","style":"position: relative; width:71.30801687763713%; height:100%; top:0%; left:10.113396624472573%;"},{"id":"article1_article1_zone3","type":"quiz","areaid":"center","quiztype":"multiplechoice","selfA":true,"question":{"value":"\u00bfPara qu\u00e9 se utiliza el\u00a0CSS?\u00ad","wysiwygValue":"<p style=\"text-align: center;\">\n\t<span style=\"font-size:36px;\"><span autocolor=\"true\" style=\"color:#000\">&iquest;Para qu&eacute; se utiliza el&nbsp;<strong>CSS</strong>?&shy;</span></span></p>\n"},"choices":[{"id":"1","value":"\u00adEs el lenguaje de programaci\u00f3n de aplicaciones de cliente.","wysiwygValue":"<p style=\"text-align:left;\">\n\t<span autocolor=\"true\" style=\"color:#000\"><span style=\"font-size:24px;\">&shy;Es el lenguaje de programaci&oacute;n de aplicaciones de cliente.</span></span></p>\n","answer":false},{"id":"2","value":"\u00adDefine la estructura de la informaci\u00f3n de una p\u00e1gina web.","wysiwygValue":"<p style=\"text-align:left;\">\n\t<span autocolor=\"true\" style=\"color:#000\"><span style=\"font-size:24px;\">&shy;Define la estructura de la informaci&oacute;n de una p&aacute;gina web.</span></span></p>\n","answer":false},{"id":"3","value":"\u00adDefine el estilo de visualizaci\u00f3n de una p\u00e1gina Web en el navegador.","wysiwygValue":"<p style=\"text-align:left;\">\n\t<span autocolor=\"true\" style=\"color:#000\"><span style=\"font-size:24px;\">&shy;Define el estilo de visualizaci&oacute;n de una p&aacute;gina Web en el navegador.</span></span></p>\n","answer":true}],"extras":{"multipleAnswer":false}},{"id":"article1_article1zone4","areaid":"right"}],"containsQuiz":true}]}},{"id":"article1_article1zone4","areaid":"right"}],"containsQuiz":true},{"id":"article1_article2","type":"standard","template":"t2","elements":[{"id":"article1_article2_zone1","type":"quiz","areaid":"left","quiztype":"truefalse","selfA":true,"question":{"value":"Indica cu\u00e1les de las siguientes afirmaciones son verdaderas o falsas.\u00ad","wysiwygValue":"<p style=\"text-align: center;\">\n\t<span autocolor=\"true\" style=\"color:#000\"><span style=\"font-size:38px;\">Indica cu&aacute;les de las siguientes afirmaciones son </span></span><span style=\"color:#008000;\"><span autocolor=\"true\"><span style=\"font-size:38px;\">verdaderas</span></span></span><span autocolor=\"true\"><span style=\"font-size:38px;\"> o <span style=\"color:#b22222;\">falsas</span>.&shy;</span></span></p>\n"},"choices":[{"id":"1","value":"\u00adGET es un comando para traer p\u00e1ginas Web a un cliente para su visualizaci\u00f3n.","wysiwygValue":"<p style=\"text-align:left;\">\n\t<span autocolor=\"true\" style=\"color:#000\"><span style=\"font-size:24px;\">&shy;<strong>GET</strong> es un comando para traer p&aacute;ginas Web a un cliente para su visualizaci&oacute;n.</span></span></p>\n","answer":true},{"id":"2","value":"\u00adPOST es un comando para editar recursos en un servidor.","wysiwygValue":"<p style=\"text-align:left;\">\n\t<span autocolor=\"true\" style=\"color:#000\"><span style=\"font-size:24px;\"><strong>&shy;POST</strong> es un comando para editar recursos en un servidor.</span></span></p>\n","answer":false},{"id":"3","value":"\u00adPUT es un comando para crear recursos en un servidor.","wysiwygValue":"<p style=\"text-align:left;\">\n\t<span autocolor=\"true\" style=\"color:#000\"><span style=\"font-size:24px;\">&shy;<strong>PUT</strong> es un comando para crear recursos en un servidor.</span></span></p>\n","answer":false},{"id":"4","value":"\u00adDELETE es un comando para borrar recursos en un servidor.","wysiwygValue":"<p style=\"text-align:left;\">\n\t<span autocolor=\"true\" style=\"color:#000\"><span style=\"font-size:24px;\">&shy;<strong>DELETE</strong> es un comando para borrar recursos en un servidor.</span></span></p>\n","answer":true}],"quiz_simple_json":{"title":"Modulo 1: Introduccion a Internet, el Web, la nube, HTML5 y CSS","description":"Modulo 1 del MOOC Desarrollo de Aplicaciones Web en HTML5 y para moviles Firefox OS. Accesible a traves de https://www.miriadax.net/web/firefox-os .","author":{"name":"Aldo","vishMetadata":{"id":"20"}},"type":"quiz_simple","theme":"theme1","slides":[{"id":"article1_article2","type":"quiz_simple","template":"t2","elements":[{"id":"article1_article2_zone1","type":"quiz","areaid":"left","quiztype":"truefalse","selfA":true,"question":{"value":"Indica cu\u00e1les de las siguientes afirmaciones son verdaderas o falsas.\u00ad","wysiwygValue":"<p style=\"text-align: center;\">\n\t<span autocolor=\"true\" style=\"color:#000\"><span style=\"font-size:38px;\">Indica cu&aacute;les de las siguientes afirmaciones son </span></span><span style=\"color:#008000;\"><span autocolor=\"true\"><span style=\"font-size:38px;\">verdaderas</span></span></span><span autocolor=\"true\"><span style=\"font-size:38px;\"> o <span style=\"color:#b22222;\">falsas</span>.&shy;</span></span></p>\n"},"choices":[{"id":"1","value":"\u00adGET es un comando para traer p\u00e1ginas Web a un cliente para su visualizaci\u00f3n.","wysiwygValue":"<p style=\"text-align:left;\">\n\t<span autocolor=\"true\" style=\"color:#000\"><span style=\"font-size:24px;\">&shy;<strong>GET</strong> es un comando para traer p&aacute;ginas Web a un cliente para su visualizaci&oacute;n.</span></span></p>\n","answer":true},{"id":"2","value":"\u00adPOST es un comando para editar recursos en un servidor.","wysiwygValue":"<p style=\"text-align:left;\">\n\t<span autocolor=\"true\" style=\"color:#000\"><span style=\"font-size:24px;\"><strong>&shy;POST</strong> es un comando para editar recursos en un servidor.</span></span></p>\n","answer":false},{"id":"3","value":"\u00adPUT es un comando para crear recursos en un servidor.","wysiwygValue":"<p style=\"text-align:left;\">\n\t<span autocolor=\"true\" style=\"color:#000\"><span style=\"font-size:24px;\">&shy;<strong>PUT</strong> es un comando para crear recursos en un servidor.</span></span></p>\n","answer":false},{"id":"4","value":"\u00adDELETE es un comando para borrar recursos en un servidor.","wysiwygValue":"<p style=\"text-align:left;\">\n\t<span autocolor=\"true\" style=\"color:#000\"><span style=\"font-size:24px;\">&shy;<strong>DELETE</strong> es un comando para borrar recursos en un servidor.</span></span></p>\n","answer":true}]}],"containsQuiz":true}]}}],"containsQuiz":true},{"id":"article1_article3","type":"standard","template":"t2","elements":[{"id":"article1_article3_zone1","type":"quiz","areaid":"left","quiztype":"truefalse","selfA":true,"question":{"value":"Test de autoevaluaci\u00f3n.Indica cuales de las siguientes afirmaciones son verdaderas o falsas.","wysiwygValue":"<p style=\"text-align: center;\">\n\t<span style=\"font-size:28px;\"><font color=\"#000000\">Test de autoevaluaci&oacute;n.</font></span></p>\n<p style=\"text-align:left;\">\n\t<span style=\"font-size:28px;\"><font color=\"#000000\">Indica cuales de las siguientes afirmaciones son </font><span style=\"color:#008000;\">verdaderas</span><font color=\"#000000\"> o </font><span style=\"color:#b22222;\">falsas</span><font color=\"#000000\">.</font></span></p>\n"},"choices":[{"id":"1","value":"HTTP permite procesar remotamente recursos en un servidor.","wysiwygValue":"<p style=\"text-align:left;\">\n\t<font color=\"#000000\" size=\"5\"><strong>HTTP</strong> permite procesar remotamente recursos en un servidor.</font></p>\n","answer":true},{"id":"2","value":"\u00adUna URL identifica sin ambiguedad un recurso en Internet.","wysiwygValue":"<p style=\"text-align:left;\">\n\t<span autocolor=\"true\" style=\"color:#000\"><span style=\"font-size:24px;\">&shy;Una </span></span><strong><span style=\"color:#000000;\"><span autocolor=\"true\"><span style=\"font-size:24px;\">URL</span></span></span></strong><span autocolor=\"true\" style=\"color:#000\"><span style=\"font-size:24px;\"> identifica sin ambiguedad un recurso en Internet.</span></span></p>\n","answer":true},{"id":"3","value":"\u00adJavaScript es igual al lenguaje de programaci\u00f3n Java.","wysiwygValue":"<p style=\"text-align:left;\">\n\t<span autocolor=\"true\" style=\"color:#000\"><span style=\"font-size:24px;\">&shy;<strong>JavaScript</strong> es igual al lenguaje de programaci&oacute;n Java.</span></span></p>\n","answer":false},{"id":"4","value":"\u00adHTML define la estructura de la informaci\u00f3n de una p\u00e1gina web.","wysiwygValue":"<p style=\"text-align:left;\">\n\t<span autocolor=\"true\" style=\"color:#000\"><span style=\"font-size:24px;\">&shy;<strong>HTML</strong> define la estructura de la informaci&oacute;n de una p&aacute;gina web.</span></span></p>\n","answer":true}],"quiz_simple_json":{"title":"Modulo 1: Introduccion a Internet, el Web, la nube, HTML5 y CSS","description":"Modulo 1 del MOOC Desarrollo de Aplicaciones Web en HTML5 y para moviles Firefox OS. Accesible a traves de https://www.miriadax.net/web/firefox-os .","author":{"name":"Aldo","vishMetadata":{"id":"20"}},"type":"quiz_simple","theme":"theme1","slides":[{"id":"article1_article3","type":"quiz_simple","template":"t2","elements":[{"id":"article1_article3_zone1","type":"quiz","areaid":"left","quiztype":"truefalse","selfA":true,"question":{"value":"Test de autoevaluaci\u00f3n.Indica cuales de las siguientes afirmaciones son verdaderas o falsas.","wysiwygValue":"<p style=\"text-align: center;\">\n\t<span style=\"font-size:28px;\"><font color=\"#000000\">Test de autoevaluaci&oacute;n.</font></span></p>\n<p style=\"text-align:left;\">\n\t<span style=\"font-size:28px;\"><font color=\"#000000\">Indica cuales de las siguientes afirmaciones son </font><span style=\"color:#008000;\">verdaderas</span><font color=\"#000000\"> o </font><span style=\"color:#b22222;\">falsas</span><font color=\"#000000\">.</font></span></p>\n"},"choices":[{"id":"1","value":"HTTP permite procesar remotamente recursos en un servidor.","wysiwygValue":"<p style=\"text-align:left;\">\n\t<font color=\"#000000\" size=\"5\"><strong>HTTP</strong> permite procesar remotamente recursos en un servidor.</font></p>\n","answer":true},{"id":"2","value":"\u00adUna URL identifica sin ambiguedad un recurso en Internet.","wysiwygValue":"<p style=\"text-align:left;\">\n\t<span autocolor=\"true\" style=\"color:#000\"><span style=\"font-size:24px;\">&shy;Una </span></span><strong><span style=\"color:#000000;\"><span autocolor=\"true\"><span style=\"font-size:24px;\">URL</span></span></span></strong><span autocolor=\"true\" style=\"color:#000\"><span style=\"font-size:24px;\"> identifica sin ambiguedad un recurso en Internet.</span></span></p>\n","answer":true},{"id":"3","value":"\u00adJavaScript es igual al lenguaje de programaci\u00f3n Java.","wysiwygValue":"<p style=\"text-align:left;\">\n\t<span autocolor=\"true\" style=\"color:#000\"><span style=\"font-size:24px;\">&shy;<strong>JavaScript</strong> es igual al lenguaje de programaci&oacute;n Java.</span></span></p>\n","answer":false},{"id":"4","value":"\u00adHTML define la estructura de la informaci\u00f3n de una p\u00e1gina web.","wysiwygValue":"<p style=\"text-align:left;\">\n\t<span autocolor=\"true\" style=\"color:#000\"><span style=\"font-size:24px;\">&shy;<strong>HTML</strong> define la estructura de la informaci&oacute;n de una p&aacute;gina web.</span></span></p>\n","answer":true}]}],"containsQuiz":true}]}}],"containsQuiz":true}]}]}