<?xml version="1.0" encoding="utf-8"?><manifest identifier="MANIFEST-0047f741-9ad2-478b-bacb-1d851474331a" xsi:schemaLocation="http://www.imsglobal.org/xsd/imscp_v1p1 http://www.imsglobal.org/xsd/imscp_v1p2.xsd http://www.imsglobal.org/xsd/imsmd_v1p2 http://www.imsglobal.org/xsd/imsmd_v1p2p2.xsd http://www.imsglobal.org/xsd/imsqti_v2p1 http://www.imsglobal.org/xsd/imsqti_v2p1.xsd" xmlns="http://www.imsglobal.org/xsd/imscp_v1p2" xmlns:imsqti="http://www.imsglobal.org/xsd/imsqti_v2p1" xmlns:imsmd="http://www.imsglobal.org/xsd/imsmd_v1p2" xmlns:xsi="http://www.w3.org/2001/XMLSchema-instance"><metadata><schema>IMS Content</schema><schemaversion>1.2</schemaversion><imsmd:lom><imsmd:general><imsmd:title><imsmd:langstring xml:lang="en">Content package with QTI v2.1 items</imsmd:langstring></imsmd:title></imsmd:general><imsmd:technical><imsmd:format>text/x-imsqti-item-xml</imsmd:format><imsmd:format>image/jpg</imsmd:format></imsmd:technical><imsmd:rights><imsmd:description><imsmd:langstring xml:lang="en">Copyright (c) 2014 itslearning - All rights reserved, http://www.itslearning.eu</imsmd:langstring></imsmd:description></imsmd:rights></imsmd:lom></metadata><organizations /><resources><resource identifier="resource-item-1970" type="imsqti_item_xmlv2p1" href="item1970.xml"><metadata><imsmd:lom><imsmd:general><imsmd:title><imsmd:langstring xml:lang="en">MultipleChoice</imsmd:langstring></imsmd:title></imsmd:general><imsmd:technical><imsmd:format>text/x-imsqti-item-xml</imsmd:format></imsmd:technical></imsmd:lom><imsqti:qtiMetadata><imsqti:interactionType>choiceInteraction</imsqti:interactionType></imsqti:qtiMetadata></metadata><file href="item1970.xml" /><dependency identifierref="images" /></resource><resource identifier="images" type="webcontent"><metadata><imsmd:lom><imsmd:general><imsmd:description><imsmd:langstring xml:lang="en">Images</imsmd:langstring></imsmd:description></imsmd:general><imsmd:technical><imsmd:format>image/jpg</imsmd:format></imsmd:technical></imsmd:lom></metadata><file href="3716.jpg" /></resource></resources></manifest>