<?xml version="1.0" encoding="utf-8"?><assessmentItem xsi:schemaLocation="http://www.imsglobal.org/xsd/imscp_v1p1 http://www.imsglobal.org/xsd/imscp_v1p1.xsd http://www.imsglobal.org/xsd/imsmd_v1p2 http://www.imsglobal.org/xsd/imsmd_v1p2p2.xsd http://www.imsglobal.org/xsd/imsqti_v2p1 http://www.imsglobal.org/xsd/imsqti_v2p1.xsd" identifier="item1970" title="MultipleChoice" adaptive="false" timeDependent="false" toolName="itslearning" toolVersion="3.45" xmlns="http://www.imsglobal.org/xsd/imsqti_v2p1" xmlns:xsi="http://www.w3.org/2001/XMLSchema-instance" xmlns:qti="http://www.imsglobal.org/xsd/imsqti_v2p1"><responseDeclaration cardinality="single" baseType="identifier" identifier="RESPONSE"><correctResponse><value>A0</value></correctResponse><mapping lowerBound="-1" upperBound="1" defaultValue="0"><mapEntry mapKey="A0" mappedValue="1" /><mapEntry mapKey="A1" mappedValue="-0.5" /><mapEntry mapKey="A2" mappedValue="-0.5" /></mapping></responseDeclaration><outcomeDeclaration cardinality="single" baseType="identifier" identifier="FEEDBACK" view="" normalMaximum="0" normalMinimum="0" masteryValue="0" /><outcomeDeclaration cardinality="single" baseType="identifier" identifier="INTEGRATEDFEEDBACK" view="" normalMaximum="0" normalMinimum="0" masteryValue="0" /><itemBody><p style="text-align: center;"><span style="font-size:x-large;">¿Qué es este animal?</span></p><p> </p><p style="text-align: center;"><img border="0" height="200px" src="3716.jpg" style="padding : 5px 5px;" /></p><choiceInteraction responseIdentifier="RESPONSE" shuffle="false" maxChoices="1" minChoices="0"><simpleChoice fixed="false" showHide="show" identifier="A0"><p>Panda</p></simpleChoice><simpleChoice fixed="false" showHide="show" identifier="A1"><p>Dragon Komodo</p></simpleChoice><simpleChoice fixed="false" showHide="show" identifier="A2"><p>Elefante</p></simpleChoice></choiceInteraction></itemBody><responseProcessing /></assessmentItem>