<?xml version="1.0" encoding="utf-8"?><assessmentItem xsi:schemaLocation="http://www.imsglobal.org/xsd/imscp_v1p1 http://www.imsglobal.org/xsd/imscp_v1p1.xsd http://www.imsglobal.org/xsd/imsmd_v1p2 http://www.imsglobal.org/xsd/imsmd_v1p2p2.xsd http://www.imsglobal.org/xsd/imsqti_v2p1 http://www.imsglobal.org/xsd/imsqti_v2p1.xsd" identifier="item1937" title="FillInTheBlankText" adaptive="false" timeDependent="false" toolName="itslearning" toolVersion="3.44" xmlns="http://www.imsglobal.org/xsd/imsqti_v2p1" xmlns:xsi="http://www.w3.org/2001/XMLSchema-instance" xmlns:qti="http://www.imsglobal.org/xsd/imsqti_v2p1"><responseDeclaration cardinality="single" baseType="string" identifier="RESPONSE1"><correctResponse><value>is</value></correctResponse></responseDeclaration><responseDeclaration cardinality="single" baseType="string" identifier="RESPONSE2"><correctResponse><value>that</value></correctResponse><mapping lowerBound="0" upperBound="0" defaultValue="0"><mapEntry mapKey="this" mappedValue="1" /><mapEntry mapKey="a" mappedValue="1" /></mapping></responseDeclaration><outcomeDeclaration cardinality="single" baseType="identifier" identifier="FEEDBACK" view="" normalMaximum="0" normalMinimum="0" masteryValue="0" /><itemBody><span><p>This is the introduction text for the fill in the blank kind of question</p></span><p>This <textEntryInteraction responseIdentifier="RESPONSE1" qti="http://www.imsglobal.org/xsd/imsqti_v2p1" /> an example of <textEntryInteraction responseIdentifier="RESPONSE2" qti="http://www.imsglobal.org/xsd/imsqti_v2p1" /> kind of question</p></itemBody><responseProcessing /></assessmentItem>