<?xml version="1.0" encoding="UTF-8"?>
<assessmentItem xmlns="http://www.imsglobal.org/xsd/imsqti_v2p1" xmlns:xsi="http://www.w3.org/2001/XMLSchema-instance" xsi:schemaLocation="http://www.imsglobal.org/xsd/imsqti_v2p1  http://www.imsglobal.org/xsd/qti/qtiv2p1/imsqti_v2p1p1.xsd" identifier="openAnswer" title="Open Answer Quiz" timeDependent="false" adaptive="false">
  <responseDeclaration identifier="RESPONSE" cardinality="single" baseType="string">
    <correctResponse>
      <value>​Madrid­</value>
    </correctResponse>
    <mapping defaultValue="0">
      <mapEntry mapKey="​Madrid­" mappedValue="1"/>
    </mapping>
  </responseDeclaration>
  <outcomeDeclaration identifier="SCORE" cardinality="single" baseType="float"/>
  <itemBody>
    <p>¿Cúal es la capital de España?­</p>
    <div>
      <textEntryInteraction responseIdentifier="RESPONSE" expectedLength="40"/>
    </div>
  </itemBody>
  <responseProcessing template="http://www.imsglobal.org/question/qti_v2p1/rptemplates/map_response"/>
</assessmentItem>
