<?xml version="1.0" encoding="UTF-8"?>
<assessmentTest xmlns="http://www.imsglobal.org/xsd/imsqti_v2p1" xmlns:xsi="http://www.w3.org/2001/XMLSchema-instance" xsi:schemaLocation="http://www.imsglobal.org/xsd/imsqti_v2p1 http://www.imsglobal.org/xsd/imsqti_v2p1.xsd" identifier="TrueFalseTest" title="True False Tests" toolName="VISH Editor" toolVersion="2.3">
  <testPart identifier="test-identifier96" navigationMode="nonlinear" submissionMode="simultaneous">
    <assessmentSection identifier="section-identifier96" title="Section" visible="true">
      <assessmentItemRef identifier="resource-item-quiz-960" href="qti-tmp-91_0.xml">
      </assessmentItemRef>
      <assessmentItemRef identifier="resource-item-quiz-961" href="qti-tmp-91_1.xml">
      </assessmentItemRef>
      <assessmentItemRef identifier="resource-item-quiz-962" href="qti-tmp-91_2.xml">
      </assessmentItemRef>
      <assessmentItemRef identifier="resource-item-quiz-963" href="qti-tmp-91_3.xml">
      </assessmentItemRef>
    </assessmentSection>
  </testPart>
</assessmentTest>
