<?xml version="1.0" encoding="UTF-8"?>
<assessmentItem xmlns="http://www.imsglobal.org/xsd/imsqti_v2p1" xmlns:xsi="http://www.w3.org/2001/XMLSchema-instance" xsi:schemaLocation="http://www.imsglobal.org/xsd/imsqti_v2p1  http://www.imsglobal.org/xsd/qti/qtiv2p1/imsqti_v2p1p1.xsd" identifier="choiceMultiple" title="AssesmentItem 93" timeDependent="false" adaptive="false">
  <responseDeclaration identifier="RESPONSE" cardinality="single" baseType="identifier">
    <correctResponse>
      <value>A0</value>
    </correctResponse>
    <mapping lowerBound="-1" upperBound="1" defaultValue="0">
      <mapEntry mapKey="A0" mappedValue="1"/>
      <mapEntry mapKey="A1" mappedValue="-1"/>
    </mapping>
  </responseDeclaration>
  <outcomeDeclaration identifier="SCORE" cardinality="single" baseType="float">
  </outcomeDeclaration>
  <itemBody>
    <choiceInteraction responseIdentifier="RESPONSE" shuffle="false" maxChoices="1" minChoices="0">
      <prompt>Para cada una de las siguientes afirmaciones, indique si es verdadera o falsa.­: ­Roma es la capital de Italia.</prompt>
      <simpleChoice identifier="A0">True</simpleChoice>
      <simpleChoice identifier="A1">False</simpleChoice>
    </choiceInteraction>
  </itemBody>
  <responseProcessing/>
</assessmentItem>
