<?xml version="1.0" encoding="utf-8"?><assessmentItem xsi:schemaLocation="http://www.imsglobal.org/xsd/imscp_v1p1 http://www.imsglobal.org/xsd/imscp_v1p1.xsd http://www.imsglobal.org/xsd/imsmd_v1p2 http://www.imsglobal.org/xsd/imsmd_v1p2p2.xsd http://www.imsglobal.org/xsd/imsqti_v2p1 http://www.imsglobal.org/xsd/imsqti_v2p1.xsd" identifier="item1938" title="FillInTheBlankGap" adaptive="false" timeDependent="false" toolName="itslearning" toolVersion="3.44" xmlns="http://www.imsglobal.org/xsd/imsqti_v2p1" xmlns:xsi="http://www.w3.org/2001/XMLSchema-instance" xmlns:qti="http://www.imsglobal.org/xsd/imsqti_v2p1"><responseDeclaration cardinality="multiple" baseType="directedPair" identifier="RESPONSE"><correctResponse><value>59c87a65-916d-4cad-9bbf-ab28088d8eae G3</value><value>3a7fdf66-04ea-4636-bd87-65fe90205c44 G4</value></correctResponse><mapping lowerBound="0" upperBound="1" defaultValue="0"><mapEntry mapKey="59c87a65-916d-4cad-9bbf-ab28088d8eae G3" mappedValue="0.5" /><mapEntry mapKey="3a7fdf66-04ea-4636-bd87-65fe90205c44 G4" mappedValue="0.5" /></mapping></responseDeclaration><outcomeDeclaration cardinality="single" baseType="identifier" identifier="FEEDBACK" view="" normalMaximum="0" normalMinimum="0" masteryValue="0" /><itemBody><p>This is an introduction for "Select from list" kind of questions</p><p> </p><gapMatchInteraction responseIdentifier="RESPONSE" shuffle="true"><gapText fixed="false" showHide="show" identifier="59c87a65-916d-4cad-9bbf-ab28088d8eae" matchMax="1" matchMin="0">are</gapText><gapText fixed="false" showHide="show" identifier="3a7fdf66-04ea-4636-bd87-65fe90205c44" matchMax="1" matchMin="0">find</gapText><gapText fixed="false" showHide="show" identifier="96af8452-f9ca-44ae-8d7b-df1d79b70fdd" matchMax="1" matchMin="0">is</gapText><gapText fixed="false" showHide="show" identifier="ab799893-610d-4947-86ff-8ca03aa91e2b" matchMax="1" matchMin="0">will have</gapText><gapText fixed="false" showHide="show" identifier="555de6cb-92cb-4eab-90ce-489e8432da4f" matchMax="1" matchMin="0">search</gapText><gapText fixed="false" showHide="show" identifier="2f6083c4-b101-45b1-ab3a-5f61baa867b4" matchMax="1" matchMin="0">look up</gapText><gapText fixed="false" showHide="show" identifier="eff0ab89-b182-4e2e-99d2-f21fe7314582" matchMax="1" matchMin="0">look out</gapText><p>We <gap identifier="G3" qti="http://www.imsglobal.org/xsd/imsqti_v2p1" /> going to <gap identifier="G4" qti="http://www.imsglobal.org/xsd/imsqti_v2p1" /> the correct answer for the question</p></gapMatchInteraction></itemBody><responseProcessing /></assessmentItem>