CORRUPTED
            <source>LOMv1.0</source>
            <value>author</value>
          </role>
          <entity>BEGIN:VCARD


 VERSION:3.0 


 N:Fermin


 FN:Fermin


 END:VCARD</entity>
          <date>
            <dateTime>2013-11-22</dateTime>
          </date>
        </contribute>
      </lifeCycle>
      <technical>
        <format>text/html</format>
        <location>http://vishub.org/excursions/161</location>
        <requirement>
          <orComposite>
            <type>
              <source>LOMv1.0</source>
              <value>browser</value>
            </type>
            <name>
              <source>LOMv1.0</source>
              <value>any</value>
            </name>
          </orComposite>
        </requirement>
        <otherPlatformRequirements>
          <string language="en">HTML5-compliant web browser</string>
        </otherPlatformRequirements>
      </technical>
      <educational>
        <interactivityType>
          <source>LOMv1.0</source>
          <value>mixed</value>
        </interactivityType>
        <learningResourceType>
          <source>LOMv1.0</source>
          <value>presentation</value>
        </learningResourceType>
        <interactivityLevel>
          <source>LOMv1.0</source>
          <value>very high</value>
        </interactivityLevel>
        <intendedEndUserRole>
          <source>LOMv1.0</source>
          <value>learner</value>
        </intendedEndUserRole>
        <typicalAgeRange>
          <string language="en">4 - 20</string>
        </typicalAgeRange>
        <typicalLearningTime>
          <duration>PT6M0S</duration>
        </typicalLearningTime>
        <language>none</language>
      </educational>
    </lom>
  </metadata>
  <organizations default="ViSH" structure="hierarchical">
    <organization identifier="ViSH">
      <title>Virtual Science Hub</title>
      <metadata>
        <schema>ADL SCORM</schema>
        <schemaversion>CAM 1.3</schemaversion>
        <lom>
          <general>
            <identifier>ViSH</identifier>
            <title>
              <langstring>Virtual Science Hub</langstring>
            </title>
            <description>
              <langstring>Virtual Science Hub. http://vishub.org.</langstring>
            </description>
          </general>
        </lom>
      </metadata>
      <item identifier="VIRTUAL_EXCURSION_161" identifierref="VIRTUAL_EXCURSION_161_RESOURCE">
        <title>Crowdsourcing Cells</title>
      </item>
    </organization>
  </organizations>
  <resources>
    <resource identifier="VIRTUAL_EXCURSION_161_RESOURCE" type="webcontent" href="excursion.html" adlcp:scormtype="sco">
      <file href="excursion.html"/>
    </resource>
  </resources>
</manifest>
